{"cameraMode":{"drawMode":0,"name":"Shaded","section":"Shading Mode"},"sceneLighting":true,"audioPlay":false,"sceneViewState":{"m_AlwaysRefresh":false,"showFog":true,"showSkybox":true,"showFlares":true,"showImageEffects":true,"showParticleSystems":true,"showVisualEffectGraphs":true,"m_FxEnabled":true},"in2DMode":false,"pivot":{"x":-36.28779602050781,"y":59.89044952392578,"z":1.7291011810302735},"rotation":{"x":-0.008248874917626381,"y":-0.8242771029472351,"z":0.566665768623352,"w":-0.004010515287518501},"size":0.06138595566153526,"orthographic":false}